{
  "ModId": "legobatman1.apconnectsupport",
  "ModName": "LB1 Client Connector",
  "ModAuthor": "N00byKing",
  "ModVersion": "1.0.0",
  "ModDescription": "Lego Batman 1 Client Connector Support",
  "ModDll": "",
  "ModIcon": "",
  "ModR2RManagedDll32": "",
  "ModR2RManagedDll64": "",
  "ModNativeDll32": "libAPCpp.dll",
  "ModNativeDll64": "",
  "Tags": [],
  "CanUnload": null,
  "HasExports": null,
  "IsLibrary": true,
  "ReleaseMetadataFileName": "legobatman1.apconnectsupport.ReleaseMetadata.json",
  "PluginData": {},
  "IsUniversalMod": false,
  "ModDependencies": [
    "legobatman1.apsupport",
    "legobatman1.apsupport"
  ],
  "OptionalDependencies": [],
  "SupportedAppId": [
    "legobatman.exe"
  ],
  "ProjectUrl": "https://github.com/N00byKing/APCpp"
}
