{
  "ModId": "legobatman1.apsupport",
  "ModName": "LB1 Archipelago",
  "ModAuthor": "ZAPaDASH04",
  "ModVersion": "0.1.2-alpha",
  "ModDescription": "Provides Archipelago Support to Lego Batman 1",
  "ModDll": "",
  "ModIcon": "",
  "ModR2RManagedDll32": "",
  "ModR2RManagedDll64": "",
  "ModNativeDll32": "ap.dll",
  "ModNativeDll64": "",
  "Tags": [],
  "CanUnload": null,
  "HasExports": null,
  "IsLibrary": false,
  "ReleaseMetadataFileName": "legobatman1.apsupport.ReleaseMetadata.json",
  "PluginData": {
    "GitHubRelease": {
      "UserName": "ZAPaDASH04",
      "RepositoryName": "LEGO-Batman-Archipelago-Mod",
      "UseReleaseTag": true,
      "AssetFileName": "Mod.zip"
    }
  },
  "IsUniversalMod": false,
  "ModDependencies": [
    "legobatman1.apconnectsupport"
  ],
  "OptionalDependencies": [],
  "SupportedAppId": [
    "legobatman.exe"
  ],
  "ProjectUrl": "https://github.com/ZAPaDASH04/LEGO-Batman-Archipelago-Mod/releases/latest"
}
